{
  "z_reel": {
    "visible": {
      "mae_px": 1.7438136339187622,
      "r2": 0.9745272994041443,
      "n": 2400
    },
    "occlus": {
      "mae_px": 7.7194294929504395,
      "r2": 0.14168649911880493,
      "n": 672
    }
  },
  "z_predit": {
    "visible": {
      "mae_px": 2.985028028488159,
      "r2": 0.9070403575897217,
      "n": 1521
    },
    "occlus": {
      "mae_px": 7.120460510253906,
      "r2": 0.25756508111953735,
      "n": 527
    }
  }
}
